"id","name","code_prefix_start","code_prefix_end","chart_template_id/id"
"agchart010","Środki trwałe","010","010","l10n_pl_trilab.pl_trilab_chart_template"
"agchart020","Wartości niematerialne i prawne","020","020","l10n_pl_trilab.pl_trilab_chart_template"
"agchart071","Umorzenie środków trwałych","071","071","l10n_pl_trilab.pl_trilab_chart_template"
"agchart072","Umorzenie wartości niematerialnych","072","072","l10n_pl_trilab.pl_trilab_chart_template"
"agchart080","Inwestycje w toku","080","080","l10n_pl_trilab.pl_trilab_chart_template"
"agchart101","Kasa","101","101","l10n_pl_trilab.pl_trilab_chart_template"
"agchart130","Bieżące rachunki bankowe","130","130","l10n_pl_trilab.pl_trilab_chart_template"
"agchart131","Pomocnicze rachunki bankowe","131","131","l10n_pl_trilab.pl_trilab_chart_template"
"agchart149","Środki pieniężne w drodze","149","149","l10n_pl_trilab.pl_trilab_chart_template"
"agchart200","Należności za dostawy","200","204","l10n_pl_trilab.pl_trilab_chart_template"
"agchart205","Zobowiazania za dostawy","205","209","l10n_pl_trilab.pl_trilab_chart_template"
"agchart211","Inne należności handlowe","211","214","l10n_pl_trilab.pl_trilab_chart_template"
"agchart220","Rozrachunki budżetowe","220","220","l10n_pl_trilab.pl_trilab_chart_template"
"agchart221","Rozliczenie VAT","221","221","l10n_pl_trilab.pl_trilab_chart_template"
"agchart222","Rozrachunki celne","222","222","l10n_pl_trilab.pl_trilab_chart_template"
"agchart224","Rozrachunki z ZUS","224","224","l10n_pl_trilab.pl_trilab_chart_template"
"agchart229","Należności budżetowe do bilansu","229","229","l10n_pl_trilab.pl_trilab_chart_template"
"agchart231","Rozrachunki z tytułu wynagrodzeń","231","231","l10n_pl_trilab.pl_trilab_chart_template"
"agchart234","Rozrachunki z pracownikami","234","234","l10n_pl_trilab.pl_trilab_chart_template"
"agchart242","Rozliczenie inwentaryzacji","242","242","l10n_pl_trilab.pl_trilab_chart_template"
"agchart249","Inne rozliczenia","249","249","l10n_pl_trilab.pl_trilab_chart_template"
"agchart250","Rozrachunki z właścicielami","250","250","l10n_pl_trilab.pl_trilab_chart_template"
"agchart270","Odpisy aktualizujace aktywa","270","270","l10n_pl_trilab.pl_trilab_chart_template"
"agchart300","Rozliczenie zakupu","300","300","l10n_pl_trilab.pl_trilab_chart_template"
"agchart302","Rozliczenie sprzedaży","302","302","l10n_pl_trilab.pl_trilab_chart_template"
"agchart310","Materiały","310","310","l10n_pl_trilab.pl_trilab_chart_template"
"agchart330","Towary handlowe","330","330","l10n_pl_trilab.pl_trilab_chart_template"
"agchart340","Odchylenia od wycent materiałów i towarów","340","340","l10n_pl_trilab.pl_trilab_chart_template"
"agchart400","Amortyzacja","400","400","l10n_pl_trilab.pl_trilab_chart_template"
"agchart401","Zużycie materiałów i energii","401","401","l10n_pl_trilab.pl_trilab_chart_template"
"agchart402","Usługi obce","402","402","l10n_pl_trilab.pl_trilab_chart_template"
"agchart403","Podatki i opłaty publiczne","403","403","l10n_pl_trilab.pl_trilab_chart_template"
"agchart404","Wynagrodzenia","404","404","l10n_pl_trilab.pl_trilab_chart_template"
"agchart405","Świadczenia na rzecz pracowników","405","405","l10n_pl_trilab.pl_trilab_chart_template"
"agchart406","Pozostałe koszty rodzajowe","406","406","l10n_pl_trilab.pl_trilab_chart_template"
"agchart490","Przeniesienie kosztów produkcji","490","490","l10n_pl_trilab.pl_trilab_chart_template"
"agchart580","Rozliczenie produkcji","580","580","l10n_pl_trilab.pl_trilab_chart_template"
"agchart600","Wyroby gotowe","600","600","l10n_pl_trilab.pl_trilab_chart_template"
"agchart620","Odchylenia od wyceny wyrobów gotowych","620","620","l10n_pl_trilab.pl_trilab_chart_template"
"agchart640","Rozliczenia międzyokresowe kosztów","640","640","l10n_pl_trilab.pl_trilab_chart_template"
"agchart650","Aktywa odroczonego CIT","650","650","l10n_pl_trilab.pl_trilab_chart_template"
"agchart701","Przychody ze sprzedaży wyrobów","701","701","l10n_pl_trilab.pl_trilab_chart_template"
"agchart702","Przychody ze sprzedaży usług","702","702","l10n_pl_trilab.pl_trilab_chart_template"
"agchart703","Wartość sprzedanych wyrobów","703","703","l10n_pl_trilab.pl_trilab_chart_template"
"agchart730","Przychody ze sprzedaży towarów","730","730","l10n_pl_trilab.pl_trilab_chart_template"
"agchart731","Wartosć sprzedanych towarów","731","731","l10n_pl_trilab.pl_trilab_chart_template"
"agchart740","Przychody ze sprzedaży materiałów","740","740","l10n_pl_trilab.pl_trilab_chart_template"
"agchart741","Wartość sprzedanych materiałów","741","741","l10n_pl_trilab.pl_trilab_chart_template"
"agchart750","Przychody finansowe","750","750","l10n_pl_trilab.pl_trilab_chart_template"
"agchart751","Koszty finansowe","751","751","l10n_pl_trilab.pl_trilab_chart_template"
"agchart760","Pozostałe przychody operacyjne","760","760","l10n_pl_trilab.pl_trilab_chart_template"
"agchart761","Pozostałe koszty operacyjne","761","761","l10n_pl_trilab.pl_trilab_chart_template"
"agchart800","Kapitał zakładowy","800","800","l10n_pl_trilab.pl_trilab_chart_template"
"agchart810","Kapitał zapasowy","810","810","l10n_pl_trilab.pl_trilab_chart_template"
"agchart820","Rozliczenie wyniku finansowego","820","820","l10n_pl_trilab.pl_trilab_chart_template"
"agchart830","Rezerwy długoterminowe","830","830","l10n_pl_trilab.pl_trilab_chart_template"
"agchart845","Przychody przyszłych okresów","845","845","l10n_pl_trilab.pl_trilab_chart_template"
"agchart850","ZFŚS","850","850","l10n_pl_trilab.pl_trilab_chart_template"
"agchart860","Wynik finansowy","860","860","l10n_pl_trilab.pl_trilab_chart_template"
"agchart870","Podatek dochodowy","870","870","l10n_pl_trilab.pl_trilab_chart_template"
"agchart991","Konta różnic operacji pieniężnych","991","994","l10n_pl_trilab.pl_trilab_chart_template"
"agchart999","Konto techniczne bilansujące","999","999","l10n_pl_trilab.pl_trilab_chart_template"
