"id","code","name","account_type","reconcile","chart_template_id/id","tag_ids/id"
"chart01001","010.01","Grunty","asset_fixed","False","l10n_pl_trilab.pl_trilab_chart_template","trilab_pl_reports.Aktywa_A_II_1_A"
"chart01002","010.02","Budynki i budowle","asset_fixed","False","l10n_pl_trilab.pl_trilab_chart_template","trilab_pl_reports.Aktywa_A_II_1_B"
"chart01003","010.03","Urządzenia techniczne i maszyny","asset_fixed","False","l10n_pl_trilab.pl_trilab_chart_template","trilab_pl_reports.Aktywa_A_II_1_C"
"chart01004","010.04","Środki transportu","asset_fixed","False","l10n_pl_trilab.pl_trilab_chart_template","trilab_pl_reports.Aktywa_A_II_1_D"
"chart01005","010.05","Inne środki trwałe","asset_fixed","False","l10n_pl_trilab.pl_trilab_chart_template","trilab_pl_reports.Aktywa_A_II_1_E"
"chart02001","020.01","Zakończone prace rozwojowe","asset_fixed","False","l10n_pl_trilab.pl_trilab_chart_template","trilab_pl_reports.Aktywa_A_I_1"
"chart02002","020.02","Wartość firmy","asset_fixed","False","l10n_pl_trilab.pl_trilab_chart_template","trilab_pl_reports.Aktywa_A_I_2"
"chart02003","020.03","Inne WNiP","asset_fixed","False","l10n_pl_trilab.pl_trilab_chart_template","trilab_pl_reports.Aktywa_A_I_3"
"chart07101","071.01","Umorzenie Grunty","asset_fixed","False","l10n_pl_trilab.pl_trilab_chart_template","trilab_pl_reports.Aktywa_A_II_1_A"
"chart07102","071.02","Umorzenie Budynki i budowle","asset_fixed","False","l10n_pl_trilab.pl_trilab_chart_template","trilab_pl_reports.Aktywa_A_II_1_B"
"chart07103","071.03","Umorzenie Urządzenia techniczne i maszyny","asset_fixed","False","l10n_pl_trilab.pl_trilab_chart_template","trilab_pl_reports.Aktywa_A_II_1_C"
"chart07104","071.04","Umorzenie Środki transportu","asset_fixed","False","l10n_pl_trilab.pl_trilab_chart_template","trilab_pl_reports.Aktywa_A_II_1_D"
"chart07105","071.05","Umorzenie Inne środki trwałe","asset_fixed","False","l10n_pl_trilab.pl_trilab_chart_template","trilab_pl_reports.Aktywa_A_II_1_E"
"chart07201","072.01","Umorzenie Prace rozwojowe","asset_fixed","False","l10n_pl_trilab.pl_trilab_chart_template","trilab_pl_reports.Aktywa_A_I_1"
"chart07202","072.02","Umorzenie Wartość firmy","asset_non_current","False","l10n_pl_trilab.pl_trilab_chart_template","trilab_pl_reports.Aktywa_A_I_2"
"chart07203","072.03","Umorzenie inne WNiP","asset_non_current","False","l10n_pl_trilab.pl_trilab_chart_template","trilab_pl_reports.Aktywa_A_I_3"
"chart08001","080.01","Środki trwałe w budowie Zakup","asset_fixed","False","l10n_pl_trilab.pl_trilab_chart_template","trilab_pl_reports.Aktywa_A_II_2"
"chart10101","101.01","Kasa PLN","asset_cash","False","l10n_pl_trilab.pl_trilab_chart_template","trilab_pl_reports.Aktywa_B_III_1_C_1"
"chart13001","130.01","Rachunek bieżący PLN","asset_cash","False","l10n_pl_trilab.pl_trilab_chart_template","trilab_pl_reports.Aktywa_B_III_1_C_1"
"chart13002","130.97","Nieuzgodnione pozycje wyciągów","asset_cash","False","l10n_pl_trilab.pl_trilab_chart_template","trilab_pl_reports.Aktywa_B_III_1_C_1"
"chart13003","130.98","Przychodzące wpłaty","asset_current","True","l10n_pl_trilab.pl_trilab_chart_template","trilab_pl_reports.Pasywa_B_II_3_E"
"chart13004","130.99","Wychodzące płatności","asset_current","True","l10n_pl_trilab.pl_trilab_chart_template","trilab_pl_reports.Aktywa_B_II_3_C"
"chart13101","131.01","Rachunek VAT","asset_cash","False","l10n_pl_trilab.pl_trilab_chart_template","trilab_pl_reports.Aktywa_B_III_1_C_1"
"chart14901","149.01","Środki pieniężne w drodze","asset_current","True","l10n_pl_trilab.pl_trilab_chart_template","trilab_pl_reports.Aktywa_B_III_1_C_2"
"chart20001","200.01","Krajowe należności za dostawy","asset_receivable","True","l10n_pl_trilab.pl_trilab_chart_template","trilab_pl_reports.Aktywa_B_II_3_A_1"
"chart20002","200.02","Zagraniczne należności za dostawy","asset_receivable","True","l10n_pl_trilab.pl_trilab_chart_template","trilab_pl_reports.Aktywa_B_II_3_A_1"
"chart20501","205.01","Krajowe zobowiązania za dostawy","liability_payable","True","l10n_pl_trilab.pl_trilab_chart_template","trilab_pl_reports.Pasywa_B_III_3_D_1"
"chart20502","205.02","Zagraniczne zobowiązania za dostawy","liability_payable","True","l10n_pl_trilab.pl_trilab_chart_template","trilab_pl_reports.Pasywa_B_III_3_D_1"
"chart21101","210.02","Należności ze sprzedaży POS","liability_payable","True","l10n_pl_trilab.pl_trilab_chart_template","trilab_pl_reports.Aktywa_B_II_3_A_1"
"chart22001","220.01","Rozrachunki budżetowe Podatek dochodowy od osób prawnych CIT","liability_payable","True","l10n_pl_trilab.pl_trilab_chart_template","trilab_pl_reports.Pasywa_B_III_3_G"
"chart22002","220.02","Rozrachunki budżetowe Podatek dochodowy od osób fizycznych PIT 4","liability_payable","True","l10n_pl_trilab.pl_trilab_chart_template","trilab_pl_reports.Pasywa_B_III_3_G"
"chart22003","220.03","Rozrachunki budżetowe Podatek dochodowy od osób fizycznych PIT 8","liability_payable","True","l10n_pl_trilab.pl_trilab_chart_template","trilab_pl_reports.Pasywa_B_III_3_G"
"chart22004","220.04","Rozrachunki budżetowe PFRON","liability_payable","True","l10n_pl_trilab.pl_trilab_chart_template","trilab_pl_reports.Pasywa_B_III_3_G"
"chart22005","220.05","Rozrachunki budżetowe Podatki lokalne","liability_payable","True","l10n_pl_trilab.pl_trilab_chart_template","trilab_pl_reports.Pasywa_B_III_3_G"
"chart22006","220.06","Rozrachunki z urzędem celnym","liability_payable","True","l10n_pl_trilab.pl_trilab_chart_template","trilab_pl_reports.Pasywa_B_III_3_G"
"chart22007","220.07","Rozrachunki z ZUS","liability_payable","True","l10n_pl_trilab.pl_trilab_chart_template","trilab_pl_reports.Pasywa_B_III_3_G"
"chart22099","220.99","Rozrachunki budżetowe Należności do bilansu","asset_receivable","True","l10n_pl_trilab.pl_trilab_chart_template","trilab_pl_reports.Aktywa_B_II_3_B"
"chart22101","221.01","VAT należny bieżacy","liability_current","False","l10n_pl_trilab.pl_trilab_chart_template","trilab_pl_reports.Pasywa_B_III_3_G"
"chart22102","221.02","VAT naliczony bieżący","asset_current","False","l10n_pl_trilab.pl_trilab_chart_template","trilab_pl_reports.Aktywa_B_II_3_B"
"chart22103","221.03","VAT naliczony odroczony","asset_current","False","l10n_pl_trilab.pl_trilab_chart_template","trilab_pl_reports.Aktywa_B_II_3_B"
"chart22104","221.04","VAT należny odroczony","liability_current","False","l10n_pl_trilab.pl_trilab_chart_template","trilab_pl_reports.Pasywa_B_III_3_G"
"chart22108","221.08","Rozliczenie z urzędem skarbowym podatku VAT - zobowiązania","liability_payable","True","l10n_pl_trilab.pl_trilab_chart_template","trilab_pl_reports.Pasywa_B_III_3_G"
"chart22109","221.09","Rozliczenie z urzędem skarbowym podatku VAT - należności","asset_receivable","True","l10n_pl_trilab.pl_trilab_chart_template","trilab_pl_reports.Aktywa_B_II_3_B"
"chart231","231","Rozrachunki z pracownikami z tytułu wynagrodzeń","liability_payable","True","l10n_pl_trilab.pl_trilab_chart_template","trilab_pl_reports.Pasywa_B_III_3_H"
"chart23401","234.01","Inne rozrachunki z pracownikami - zobowiązania","liability_payable","True","l10n_pl_trilab.pl_trilab_chart_template","trilab_pl_reports.Pasywa_B_III_3_I"
"chart23402","234.02","Inne rozrachunki z pracownikami - należności","asset_receivable","True","l10n_pl_trilab.pl_trilab_chart_template","trilab_pl_reports.Aktywa_B_II_3_C"
"chart242","242","Rozliczenie inwentaryzacji","asset_current","False","l10n_pl_trilab.pl_trilab_chart_template","trilab_pl_reports.Aktywa_B_II_3_C"
"chart24901","249.01","Inne rozrachunki Ubezpieczenie pracowników","liability_current","True","l10n_pl_trilab.pl_trilab_chart_template","trilab_pl_reports.Pasywa_B_II_3_E"
"chart24902","249.02","Inne rozrachunki Ubezpieczenia należności z rozliczeń za szkody","asset_current","True","l10n_pl_trilab.pl_trilab_chart_template","trilab_pl_reports.Aktywa_B_II_3_C"
"chart24903","249.03","Inne rozrachunki Potrącenia od pracowników","liability_current","True","l10n_pl_trilab.pl_trilab_chart_template","trilab_pl_reports.Pasywa_B_II_3_E"
"chart2499","249.9","Inne rozrachunki Pozostałe konto techniczne","liability_current","False","l10n_pl_trilab.pl_trilab_chart_template","trilab_pl_reports.Pasywa_B_II_3_E"
"chart25001","250.01","Rozrachunki z akcjonariuszami i udziałowcami z tytułu dywidend","liability_payable","True","l10n_pl_trilab.pl_trilab_chart_template","trilab_pl_reports.Pasywa_B_III_3_I"
"chart25002","250.02","Rozrachunki z akcjonariuszami i udziałowcami z tytułu kapitału","asset_receivable","True","l10n_pl_trilab.pl_trilab_chart_template","trilab_pl_reports.Aktywa_C"
"chart27001","270.01","Odpisy aktualizujace należności","asset_current","False","l10n_pl_trilab.pl_trilab_chart_template","trilab_pl_reports.Aktywa_B_II_3_A_1"
"chart27011","270.11","Odpisy aktualizujące materiały","asset_current","False","l10n_pl_trilab.pl_trilab_chart_template","trilab_pl_reports.Aktywa_B_I_1"
"chart27012","270.12","Odpisy aktualizujące towary","asset_current","False","l10n_pl_trilab.pl_trilab_chart_template","trilab_pl_reports.Aktywa_B_I_4"
"chart27013","270.13","Odpisy aktualizujące produkty","asset_current","False","l10n_pl_trilab.pl_trilab_chart_template","trilab_pl_reports.Aktywa_B_I_3"
"chart300","300","Rozliczenie zakupu","asset_current","True","l10n_pl_trilab.pl_trilab_chart_template","trilab_pl_reports.Aktywa_B_I_4"
"chart302","302","Rozliczenie sprzedazy","asset_current","True","l10n_pl_trilab.pl_trilab_chart_template","trilab_pl_reports.Aktywa_B_I_4"
"chart310","310","Materiały","asset_current","True","l10n_pl_trilab.pl_trilab_chart_template","trilab_pl_reports.Aktywa_B_I_1"
"chart330","330","Towary handlowe","asset_current","False","l10n_pl_trilab.pl_trilab_chart_template","trilab_pl_reports.Aktywa_B_I_4"
"chart34001","340.01","Odchylenia od cen ewidencyjnych materiałów","asset_current","False","l10n_pl_trilab.pl_trilab_chart_template","trilab_pl_reports.Aktywa_B_I_1"
"chart34002","340.02","Odchylenia od cen ewidencyjnych towarów","asset_current","False","l10n_pl_trilab.pl_trilab_chart_template","trilab_pl_reports.Aktywa_B_I_4"
"chart40001","400.01","Amortyzacja ST","expense_depreciation","False","l10n_pl_trilab.pl_trilab_chart_template","trilab_pl_reports.RZiSPor_B_I,trilab_pl_reports.RZiSKalk_E"
"chart40002","400.02","Amortyzacja WNiP","expense_depreciation","False","l10n_pl_trilab.pl_trilab_chart_template","trilab_pl_reports.RZiSPor_B_I,trilab_pl_reports.RZiSKalk_E"
"chart40101","401.01","Materiały z zapasów","expense","False","l10n_pl_trilab.pl_trilab_chart_template","trilab_pl_reports.RZiSPor_B_II,trilab_pl_reports.RZiSKalk_E"
"chart40102","401.02","Narzędzia","expense","False","l10n_pl_trilab.pl_trilab_chart_template","trilab_pl_reports.RZiSPor_B_II,trilab_pl_reports.RZiSKalk_E"
"chart40103","401.03","Opakowania","expense","False","l10n_pl_trilab.pl_trilab_chart_template","trilab_pl_reports.RZiSPor_B_II,trilab_pl_reports.RZiSKalk_E"
"chart40104","401.04","Części zamienne","expense","False","l10n_pl_trilab.pl_trilab_chart_template","trilab_pl_reports.RZiSPor_B_II,trilab_pl_reports.RZiSKalk_E"
"chart40111","401.11","Materiały biurowe","expense","False","l10n_pl_trilab.pl_trilab_chart_template","trilab_pl_reports.RZiSPor_B_II,trilab_pl_reports.RZiSKalk_E"
"chart40112","401.12","Artykuły spożywcze","expense","False","l10n_pl_trilab.pl_trilab_chart_template","trilab_pl_reports.RZiSPor_B_II,trilab_pl_reports.RZiSKalk_E"
"chart40113","401.13","Drobne wyposażenie","expense","False","l10n_pl_trilab.pl_trilab_chart_template","trilab_pl_reports.RZiSPor_B_II,trilab_pl_reports.RZiSKalk_E"
"chart40121","401.21","Paliwo","expense","False","l10n_pl_trilab.pl_trilab_chart_template","trilab_pl_reports.RZiSPor_B_II,trilab_pl_reports.RZiSKalk_E"
"chart40122","401.22","Gaz","expense","False","l10n_pl_trilab.pl_trilab_chart_template","trilab_pl_reports.RZiSPor_B_II,trilab_pl_reports.RZiSKalk_E"
"chart40123","401.23","Woda","expense","False","l10n_pl_trilab.pl_trilab_chart_template","trilab_pl_reports.RZiSPor_B_II,trilab_pl_reports.RZiSKalk_E"
"chart40124","401.24","Energia elektryczna","expense","False","l10n_pl_trilab.pl_trilab_chart_template","trilab_pl_reports.RZiSPor_B_II,trilab_pl_reports.RZiSKalk_E"
"chart40199","401.99","Pozostałe materiały i energia","expense","False","l10n_pl_trilab.pl_trilab_chart_template","trilab_pl_reports.RZiSPor_B_II,trilab_pl_reports.RZiSKalk_E"
"chart40201","402.01","Usługi transport towarowy","expense","False","l10n_pl_trilab.pl_trilab_chart_template","trilab_pl_reports.RZiSPor_B_III,trilab_pl_reports.RZiSKalk_E"
"chart40202","402.02","Usługi transport osobowy","expense","False","l10n_pl_trilab.pl_trilab_chart_template","trilab_pl_reports.RZiSPor_B_III,trilab_pl_reports.RZiSKalk_E"
"chart40203","402.03","Usługi kurierskie i pocztowe","expense","False","l10n_pl_trilab.pl_trilab_chart_template","trilab_pl_reports.RZiSPor_B_III,trilab_pl_reports.RZiSKalk_E"
"chart40204","402.04","Usługi spedycyjne","expense","False","l10n_pl_trilab.pl_trilab_chart_template","trilab_pl_reports.RZiSPor_B_III,trilab_pl_reports.RZiSKalk_E"
"chart40205","402.05","Usługi outsourcingu","expense","False","l10n_pl_trilab.pl_trilab_chart_template","trilab_pl_reports.RZiSPor_B_III,trilab_pl_reports.RZiSKalk_E"
"chart40206","402.06","Usuwanie odpadów i nieczystości","expense","False","l10n_pl_trilab.pl_trilab_chart_template","trilab_pl_reports.RZiSPor_B_III,trilab_pl_reports.RZiSKalk_E"
"chart40207","402.07","Usługi remontu i konserwacji","expense","False","l10n_pl_trilab.pl_trilab_chart_template","trilab_pl_reports.RZiSPor_B_III,trilab_pl_reports.RZiSKalk_E"
"chart40210","402.10","Usługi leasingu","expense","False","l10n_pl_trilab.pl_trilab_chart_template","trilab_pl_reports.RZiSPor_B_III,trilab_pl_reports.RZiSKalk_E"
"chart40221","402.21","Usługi BHP","expense","False","l10n_pl_trilab.pl_trilab_chart_template","trilab_pl_reports.RZiSPor_B_III,trilab_pl_reports.RZiSKalk_E"
"chart40222","402.22","Uslugi HR","expense","False","l10n_pl_trilab.pl_trilab_chart_template","trilab_pl_reports.RZiSPor_B_III,trilab_pl_reports.RZiSKalk_E"
"chart40223","402.23","Usługi stałych współpracowników (B2B)","expense","False","l10n_pl_trilab.pl_trilab_chart_template","trilab_pl_reports.RZiSPor_B_III,trilab_pl_reports.RZiSKalk_E"
"chart40224","402.24","Obsługa IT","expense","False","l10n_pl_trilab.pl_trilab_chart_template","trilab_pl_reports.RZiSPor_B_III,trilab_pl_reports.RZiSKalk_E"
"chart40226","402.26","Usługi prawne","expense","False","l10n_pl_trilab.pl_trilab_chart_template","trilab_pl_reports.RZiSPor_B_III,trilab_pl_reports.RZiSKalk_E"
"chart40227","402.27","Usługi księgowo-podatkowe","expense","False","l10n_pl_trilab.pl_trilab_chart_template","trilab_pl_reports.RZiSPor_B_III,trilab_pl_reports.RZiSKalk_E"
"chart40228","402.28","Usługi telekomunikacyjne","expense","False","l10n_pl_trilab.pl_trilab_chart_template","trilab_pl_reports.RZiSPor_B_III,trilab_pl_reports.RZiSKalk_E"
"chart40229","402.29","Usługi bankowe","expense","False","l10n_pl_trilab.pl_trilab_chart_template","trilab_pl_reports.RZiSPor_B_III,trilab_pl_reports.RZiSKalk_E"
"chart40230","402.30","Usługi ubezpieczeniowe","expense","False","l10n_pl_trilab.pl_trilab_chart_template","trilab_pl_reports.RZiSPor_B_III,trilab_pl_reports.RZiSKalk_E"
"chart40299","402.99","Pozostałe usługi obce","expense","False","l10n_pl_trilab.pl_trilab_chart_template","trilab_pl_reports.RZiSPor_B_III,trilab_pl_reports.RZiSKalk_E"
"chart40301","403.01","Podatek od nieruchomości","expense","False","l10n_pl_trilab.pl_trilab_chart_template","trilab_pl_reports.RZiSPor_B_IV,trilab_pl_reports.RZiSKalk_E"
"chart40302","403.02","Podatek transportowy","expense","False","l10n_pl_trilab.pl_trilab_chart_template","trilab_pl_reports.RZiSPor_B_IV,trilab_pl_reports.RZiSKalk_E"
"chart40303","403.03","Opłaty środowiskowe","expense","False","l10n_pl_trilab.pl_trilab_chart_template","trilab_pl_reports.RZiSPor_B_IV,trilab_pl_reports.RZiSKalk_E"
"chart40304","403.04","Nieodliczalny VAT","expense","False","l10n_pl_trilab.pl_trilab_chart_template","trilab_pl_reports.RZiSPor_B_IV,trilab_pl_reports.RZiSKalk_E"
"chart40305","403.05","Akcyza","expense","False","l10n_pl_trilab.pl_trilab_chart_template","trilab_pl_reports.RZiSPor_B_IV,trilab_pl_reports.RZiSKalk_E"
"chart40399","403.99","Pozostałe podatki i opłaty","expense","False","l10n_pl_trilab.pl_trilab_chart_template","trilab_pl_reports.RZiSPor_B_IV,trilab_pl_reports.RZiSKalk_E"
"chart40401","404.01","Wynagrodzenia osobowe","expense","False","l10n_pl_trilab.pl_trilab_chart_template","trilab_pl_reports.RZiSPor_B_V,trilab_pl_reports.RZiSKalk_E"
"chart40402","404.02","Wynagrodzenia bezosobowe","expense","False","l10n_pl_trilab.pl_trilab_chart_template","trilab_pl_reports.RZiSPor_B_V,trilab_pl_reports.RZiSKalk_E"
"chart40403","404.03","Wynagrodzenia chorobowe","expense","False","l10n_pl_trilab.pl_trilab_chart_template","trilab_pl_reports.RZiSPor_B_V,trilab_pl_reports.RZiSKalk_E"
"chart40499","404.99","Pozostałe wynagrodzenia","expense","False","l10n_pl_trilab.pl_trilab_chart_template","trilab_pl_reports.RZiSPor_B_V,trilab_pl_reports.RZiSKalk_E"
"chart40501","405.01","Ubezpieczenia świadczenia: składki E-R","expense","False","l10n_pl_trilab.pl_trilab_chart_template","trilab_pl_reports.RZiSPor_B_VI,trilab_pl_reports.RZiSKalk_E"
"chart40502","405.02","Ubezpieczenia świadczenia: składki wypadkowe","expense","False","l10n_pl_trilab.pl_trilab_chart_template","trilab_pl_reports.RZiSPor_B_VI,trilab_pl_reports.RZiSKalk_E"
"chart40503","405.03","Ubezpieczenia świadczenia: fundusz pracy","expense","False","l10n_pl_trilab.pl_trilab_chart_template","trilab_pl_reports.RZiSPor_B_VI,trilab_pl_reports.RZiSKalk_E"
"chart40504","405.04","Ubezpieczenia świadczenia: FGSP","expense","False","l10n_pl_trilab.pl_trilab_chart_template","trilab_pl_reports.RZiSPor_B_VI,trilab_pl_reports.RZiSKalk_E"
"chart40511","405.11","Ubezpieczenia świadczenia: szkolenia","expense","False","l10n_pl_trilab.pl_trilab_chart_template","trilab_pl_reports.RZiSPor_B_VI,trilab_pl_reports.RZiSKalk_E"
"chart40512","405.12","Ubezpieczenia świadczenia: ZFŚS","expense","False","l10n_pl_trilab.pl_trilab_chart_template","trilab_pl_reports.RZiSPor_B_VI,trilab_pl_reports.RZiSKalk_E"
"chart40599","405.99","Pozostałe ubezpieczenia świadczenia ","expense","False","l10n_pl_trilab.pl_trilab_chart_template","trilab_pl_reports.RZiSPor_B_VI,trilab_pl_reports.RZiSKalk_E"
"chart40601","406.01","Pozostałe: podróżne służbowe","expense","False","l10n_pl_trilab.pl_trilab_chart_template","trilab_pl_reports.RZiSPor_B_VII,trilab_pl_reports.RZiSKalk_E"
"chart40603","406.03","Pozostale: prowizje handlowe","expense","False","l10n_pl_trilab.pl_trilab_chart_template","trilab_pl_reports.RZiSPor_B_VII,trilab_pl_reports.RZiSKalk_E"
"chart40604","406.04","Pozostałe: licencje, subskrypcje, franszyza","expense","False","l10n_pl_trilab.pl_trilab_chart_template","trilab_pl_reports.RZiSPor_B_VII,trilab_pl_reports.RZiSKalk_E"
"chart40605","406.05","Pozostałe: reprezentacja","expense","False","l10n_pl_trilab.pl_trilab_chart_template","trilab_pl_reports.RZiSPor_B_VII,trilab_pl_reports.RZiSKalk_E"
"chart40699","406.99","Pozostałe: inne koszty","expense","False","l10n_pl_trilab.pl_trilab_chart_template","trilab_pl_reports.RZiSPor_B_VII,trilab_pl_reports.RZiSKalk_E"
"chart490","490","Przeniesienie kosztów produkcji","expense","False","l10n_pl_trilab.pl_trilab_chart_template","trilab_pl_reports.RZiSPor_A_II,trilab_pl_reports.RZiSKalk_E"
"chart580","580","Rozliczenie produkcji","asset_current","False","l10n_pl_trilab.pl_trilab_chart_template","trilab_pl_reports.Aktywa_B_I_2"
"chart600","600","Wyroby gotowe","asset_current","False","l10n_pl_trilab.pl_trilab_chart_template","trilab_pl_reports.Aktywa_B_I_3"
"chart620","620","Odchylenia od wyceny wyrobów gotowych","asset_current","False","l10n_pl_trilab.pl_trilab_chart_template","trilab_pl_reports.Aktywa_B_I_3"
"chart64000","640.00","Czynne rozliczenia międzyokresowe kosztów","asset_current","True","l10n_pl_trilab.pl_trilab_chart_template","trilab_pl_reports.Aktywa_B_IV"
"chart65001","650.01","Aktywa z tytułu odroczonego podatku dochodowego","asset_non_current","False","l10n_pl_trilab.pl_trilab_chart_template","trilab_pl_reports.Aktywa_A_V_1"
"chart70101","701.01","Przychody netto ze sprzedaży wyrobów gotowych (produktów)","income","False","l10n_pl_trilab.pl_trilab_chart_template","trilab_pl_reports.RZiSPor_A_I,trilab_pl_reports.RZiSKalk_A_I"
"chart70201","702.01","Przychody netto ze sprzedaży usług","income","False","l10n_pl_trilab.pl_trilab_chart_template","trilab_pl_reports.RZiSPor_A_I,trilab_pl_reports.RZiSKalk_A_I"
"chart70301","703.01","Koszty sprzedanych wyrobów gotowych (produktów)","expense_direct_cost","False","l10n_pl_trilab.pl_trilab_chart_template","trilab_pl_reports.RZiSPor_A_II,trilab_pl_reports.RZiSKalk_B_I"
"chart73001","730.01","Przychody netto ze sprzedanych towarów","income","False","l10n_pl_trilab.pl_trilab_chart_template","trilab_pl_reports.RZiSPor_A_IV,trilab_pl_reports.RZiSKalk_A_II"
"chart73101","731.01","Wartość sprzedanych towarów w cenie zakupu/nabycia","expense_direct_cost","False","l10n_pl_trilab.pl_trilab_chart_template","trilab_pl_reports.RZiSPor_B_VIII,trilab_pl_reports.RZiSKalk_B_II"
"chart74001","740.01","Przychody netto ze sprzedanych materiałów","income","False","l10n_pl_trilab.pl_trilab_chart_template","trilab_pl_reports.RZiSPor_A_IV,trilab_pl_reports.RZiSKalk_A_II"
"chart74101","741.01","Wartość sprzedanych materiałów w cenie zakupu/nabycia","expense_direct_cost","False","l10n_pl_trilab.pl_trilab_chart_template","trilab_pl_reports.RZiSPor_B_VIII,trilab_pl_reports.RZiSKalk_B_II"
"chart75001","750.01","Przychody z operacji finansowych Dywidendy od powiązanych","income_other","False","l10n_pl_trilab.pl_trilab_chart_template","trilab_pl_reports.RZiSPor_G_I_A,trilab_pl_reports.RZiSKalk_J_I_A"
"chart75002","750.02","Przychody z operacji finansowych Dywidendy od pozostałych","income_other","False","l10n_pl_trilab.pl_trilab_chart_template","trilab_pl_reports.RZiSPor_G_I_B,trilab_pl_reports.RZiSKalk_J_I_B"
"chart75011","750.11","Przychody z operacji finansowych Odsetki budżetowe","income_other","False","l10n_pl_trilab.pl_trilab_chart_template","trilab_pl_reports.RZiSPor_G_II,trilab_pl_reports.RZiSKalk_J_II"
"chart75012","750.12","Przychody z operacji finansowych Odsetki inne","income_other","False","l10n_pl_trilab.pl_trilab_chart_template","trilab_pl_reports.RZiSPor_G_II,trilab_pl_reports.RZiSKalk_J_II"
"chart75021","750.21","Przychody z operacji finansowych Zysk z rozchodu aktywów","income_other","False","l10n_pl_trilab.pl_trilab_chart_template","trilab_pl_reports.RZiSPor_G_III,trilab_pl_reports.RZiSKalk_J_III,trilab_pl_reports.RZiSPor_H_II,trilab_pl_reports.RZiSKalk_K_II"
"chart75031","750.31","Przychody z operacji finansowych Dodatnie różnice kursowe Zrealizowane","income_other","False","l10n_pl_trilab.pl_trilab_chart_template","trilab_pl_reports.RZiSPor_G_V_rk,trilab_pl_reports.RZiSKalk_J_V_rk,trilab_pl_reports.RZiSPor_H_IV_rk,trilab_pl_reports.RZiSKalk_K_IV_rk"
"chart75032","750.32","Przychody z operacji finansowych Dodatnie różnice kursowe Bilansowe","income_other","False","l10n_pl_trilab.pl_trilab_chart_template","trilab_pl_reports.RZiSPor_G_V_rk,trilab_pl_reports.RZiSKalk_J_V_rk,trilab_pl_reports.RZiSPor_H_IV_rk,trilab_pl_reports.RZiSKalk_K_IV_rk"
"chart75091","750.91","Przychody z operacji finansowych Pozostałe","income_other","False","l10n_pl_trilab.pl_trilab_chart_template","trilab_pl_reports.RZiSPor_G_V_poz,trilab_pl_reports.RZiSKalk_J_V_poz"
"chart75111","751.11","Koszty z operacji finansowych Odsetki budżetowe","expense","False","l10n_pl_trilab.pl_trilab_chart_template","trilab_pl_reports.RZiSPor_H_I,trilab_pl_reports.RZiSKalk_K_I"
"chart75112","751.12","Koszty z operacji finansowych Odsetki pozostałe","expense","False","l10n_pl_trilab.pl_trilab_chart_template","trilab_pl_reports.RZiSPor_H_I,trilab_pl_reports.RZiSKalk_K_I"
"chart75121","751.21","Koszty z operacji finansowych Strata z rozchodu aktywów","expense","False","l10n_pl_trilab.pl_trilab_chart_template","trilab_pl_reports.RZiSPor_H_II,trilab_pl_reports.RZiSKalk_K_II,trilab_pl_reports.RZiSPor_G_III,trilab_pl_reports.RZiSKalk_J_III"
"chart75131","751.31","Koszty z operacji finansowych Różnice kursowe Zrealizowane","expense","False","l10n_pl_trilab.pl_trilab_chart_template","trilab_pl_reports.RZiSPor_G_V_rk,trilab_pl_reports.RZiSKalk_J_V_rk,trilab_pl_reports.RZiSPor_H_IV_rk,trilab_pl_reports.RZiSKalk_K_IV_rk"
"chart75132","751.32","Koszty z operacji finansowych Różnice kursowe Bilansowe","expense","False","l10n_pl_trilab.pl_trilab_chart_template","trilab_pl_reports.RZiSPor_G_V_rk,trilab_pl_reports.RZiSKalk_J_V_rk,trilab_pl_reports.RZiSPor_H_IV_rk,trilab_pl_reports.RZiSKalk_K_IV_rk"
"chart75191","751.91","Koszty z operacji finansowych Pozostałe","expense","False","l10n_pl_trilab.pl_trilab_chart_template","trilab_pl_reports.RZiSPor_H_IV_poz,trilab_pl_reports.RZiSKalk_K_IV_poz"
"chart76001","760.01","Pozostałe przychody operacyjne Dotacje","income_other","False","l10n_pl_trilab.pl_trilab_chart_template","trilab_pl_reports.RZiSPor_D_II,trilab_pl_reports.RZiSKalk_G_II"
"chart76002","760.02","Pozostałe przychody operacyjne Zysk z rozchodu niefinansowych aktywów trwałych","income_other","False","l10n_pl_trilab.pl_trilab_chart_template","trilab_pl_reports.RZiSPor_D_I,trilab_pl_reports.RZiSKalk_G_I,trilab_pl_reports.RZiSPor_E_I,trilab_pl_reports.RZiSKalk_H_I"
"chart76003","760.03","Pozostałe przychody operacyjne Aktualizacja wartości aktywów niefinansowych","income_other","False","l10n_pl_trilab.pl_trilab_chart_template","trilab_pl_reports.RZiSPor_D_III,trilab_pl_reports.RZiSKalk_G_III"
"chart76004","760.04","Pozostałe przychody operacyjne Różnice zaokrągleń","income_other","False","l10n_pl_trilab.pl_trilab_chart_template","trilab_pl_reports.RZiSPor_D_IV,trilab_pl_reports.RZiSKalk_G_IV"
"chart76005","760.05","Pozostałe przychody operacyjne Rozliczenie inwentaryzacji","income_other","False","l10n_pl_trilab.pl_trilab_chart_template","trilab_pl_reports.RZiSPor_D_IV,trilab_pl_reports.RZiSKalk_G_IV"
"chart76099","760.99","Pozostałe przychody operacyjne Inne","income_other","False","l10n_pl_trilab.pl_trilab_chart_template","trilab_pl_reports.RZiSPor_D_IV,trilab_pl_reports.RZiSKalk_G_IV"
"chart76102","761.02","Pozostałe koszty operacyjne Strata z rozchodu niefinansowych aktywów trwałych","expense","False","l10n_pl_trilab.pl_trilab_chart_template","trilab_pl_reports.RZiSPor_E_I,trilab_pl_reports.RZiSKalk_H_I,trilab_pl_reports.RZiSPor_D_I,trilab_pl_reports.RZiSKalk_G_I"
"chart76103","761.03","Pozostałe koszty operacyjne Aktualizacja wartości aktywów niefinansowych","expense","False","l10n_pl_trilab.pl_trilab_chart_template","trilab_pl_reports.RZiSPor_E_II,trilab_pl_reports.RZiSKalk_H_II"
"chart76104","761.04","Pozostałe koszty operacyjne Różnice zaokrągleń","expense","False","l10n_pl_trilab.pl_trilab_chart_template","trilab_pl_reports.RZiSPor_E_III,trilab_pl_reports.RZiSKalk_H_III"
"chart76105","761.05","Pozostałe koszty operacyjne Rozliczenie inwentaryzacji","expense","False","l10n_pl_trilab.pl_trilab_chart_template","trilab_pl_reports.RZiSPor_E_III,trilab_pl_reports.RZiSKalk_H_III"
"chart76106","761.06","Pozostałe koszty operacyjne Darowizny, rabaty","expense","False","l10n_pl_trilab.pl_trilab_chart_template","trilab_pl_reports.RZiSPor_E_III,trilab_pl_reports.RZiSKalk_H_III"
"chart76199","761.99","Pozostałe koszty operacyjne Inne","expense","False","l10n_pl_trilab.pl_trilab_chart_template","trilab_pl_reports.RZiSPor_E_III,trilab_pl_reports.RZiSKalk_H_III"
"chart800","800","Kapitał zakładowy","equity","False","l10n_pl_trilab.pl_trilab_chart_template","trilab_pl_reports.Pasywa_A_I"
"chart810","810","Kapitał zapasowy","equity","False","l10n_pl_trilab.pl_trilab_chart_template","trilab_pl_reports.Pasywa_A_II"
"chart820","820","Rozliczenie wyniku finansowego","equity","False","l10n_pl_trilab.pl_trilab_chart_template","trilab_pl_reports.Pasywa_A_V"
"chart83001","830.01","Rezerwa na podatek dochodowy","liability_non_current","False","l10n_pl_trilab.pl_trilab_chart_template","trilab_pl_reports.Pasywa_B_I_1"
"chart83002","830.02","Pozostałe rezerwy","liability_non_current","False","l10n_pl_trilab.pl_trilab_chart_template","trilab_pl_reports.Pasywa_B_I_3_1"
"chart845","845","Przychody przyszłych okresów - zaliczki","asset_prepayments","True","l10n_pl_trilab.pl_trilab_chart_template","trilab_pl_reports.Pasywa_B_IV_2_2"
"chart846","846","Przychody przyszłych okresów - pozostałe","asset_prepayments","True","l10n_pl_trilab.pl_trilab_chart_template","trilab_pl_reports.Pasywa_B_IV_2_2"
"chart850","850","Zakładowy Fundusz Świadczeń Socjalnych","liability_non_current","False","l10n_pl_trilab.pl_trilab_chart_template","trilab_pl_reports.Pasywa_B_III_4"
"chart860","860","Wynik finansowy roku ubiegłego","equity_unaffected","False","l10n_pl_trilab.pl_trilab_chart_template","trilab_pl_reports.Pasywa_A_VI"
"chart87001","870.01","Obowiązkowe odpisy wyniku finansowego Podatek dochodowy","expense","False","l10n_pl_trilab.pl_trilab_chart_template","trilab_pl_reports.RZiSPor_J"
"chart87002","870.02","Obowiązkowe odpisy wyniku finansowego Podatek odroczony","expense","False","l10n_pl_trilab.pl_trilab_chart_template","trilab_pl_reports.RZiSPor_J"
"chart991","991","Różnice w wyciągu in plus","income_other","False","l10n_pl_trilab.pl_trilab_chart_template",""
"chart992","992","Różnice w wyciągu in minus","expense","False","l10n_pl_trilab.pl_trilab_chart_template",""
"chart993","993","Różnice w kasie in plus","income_other","False","l10n_pl_trilab.pl_trilab_chart_template",""
"chart994","994","Różnice w kasie in minus","expense","False","l10n_pl_trilab.pl_trilab_chart_template",""
"chart999","999","Techniczne konto bilansujące","asset_current","False","l10n_pl_trilab.pl_trilab_chart_template",""
